penalty_id,match_id,match_date,penalty_team,opponent_team,penalty_context,shootout_condition,shooter,shooter_foot,goalkeeper,shot_horizontal,shot_vertical,keeper_direction,penalty_type,outcome,video_source,competition
46653-1,2025-08-30_LEE-MAN_TAI-PO,30 AUG 2025,Tai Po,Lee Man,IN_MATCH,,TEMELKOVSKI James,RIGHT,CHAN Ka Ho,RIGHT,LOW,RIGHT,NORMAL,GOAL,https://www.hkfa.com/en/competitions/result/46653/detail,HKPL
46659-0,2025-09-14_EASTERN-DISTRICT_KITCHEE,14 SEP 2025,Kitchee,Eastern District,IN_MATCH,,MARTINEZ ORTIZ Leandro,RIGHT,DA SILVA ARGOLO Paulo Cesar,LEFT,HIGH,RIGHT,NORMAL,GOAL,https://www.hkfa.com/en/competitions/result/46659/detail,HKPL
46664-0,2025-09-21_EASTERN_KC-SOUTHERN,21 SEP 2025,KC Southern,Eastern,IN_MATCH,,FIGUEIREDO PEREIRA Stefan,RIGHT,YAPP Hung Fai,RIGHT,HIGH,RIGHT,NORMAL,GOAL,https://www.hkfa.com/en/competitions/result/46664/detail,HKPL
46666-0,2025-10-04_BC-RANGERS_KOWLOON-CITY,4 OCT 2025,BC Rangers,Kowloon City,IN_MATCH,,BATISTA RAMOS Kayron,RIGHT,YIP Ka Yu,RIGHT,LOW,LEFT,NORMAL,GOAL,https://www.hkfa.com/en/competitions/result/46666/detail,HKPL
46667-1,2025-10-05_GOLIK-NORTH-DISTRICT_HKFC,5 OCT 2025,Golik North District,HKFC,IN_MATCH,,DAVID PEREIRA Kayke,RIGHT,WONG Tsz Chung,LEFT,LOW,RIGHT,NORMAL,GOAL,https://www.hkfa.com/en/competitions/result/46667/detail,HKPL
46675-0,2025-10-26_HKFC_KOWLOON-CITY,26 OCT 2025,HKFC,Kowloon City,IN_MATCH,,KEDWARDS Nicholas Alexander,RIGHT,YUEN Ho Chun,CENTRE,LOW,LEFT,NORMAL,GOAL,https://www.hkfa.com/en/competitions/result/46675/detail,HKPL
46675-1,2025-10-26_HKFC_KOWLOON-CITY,26 OCT 2025,Kowloon City,HKFC,IN_MATCH,,BATISTA RAMOS Kayron,LEFT,WONG Tsz Chung,LEFT,LOW,RIGHT,NORMAL,GOAL,https://www.hkfa.com/en/competitions/result/46675/detail,HKPL
46678-15,2025-10-29_EASTERN-DISTRICT_KOWLOON-CITY,29 OCT 2025,Eastern District,Kowloon City,IN_MATCH,,ANDRIC Aleksandar,LEFT,YUEN Ho Chun,LEFT,LOW,LEFT,NORMAL,SAVED,,HKPL
46689-2,2025-11-23_GOLIK-NORTH-DISTRICT_LEE-MAN,23 NOV 2025,Lee Man,Golik North District,IN_MATCH,,CAMARGO Everton,LEFT,LI Hon Ho,LEFT,HIGH,LEFT,NORMAL,GOAL,https://www.hkfa.com/en/competitions/result/46689/detail,HKPL
46703-5,2026-01-17_LEE-MAN_TAI-PO,17 JAN 2026,Tai Po,Lee Man,IN_MATCH,,PERAL DE LIMA Patrick,LEFT,LEUNG Hing Kit,RIGHT,LOW,LEFT,NORMAL,GOAL,https://www.hkfa.com/en/competitions/result/46703/detail,HKPL
46703-6,2026-01-17_LEE-MAN_TAI-PO,17 JAN 2026,Lee Man,Tai Po,IN_MATCH,,CAMARGO Everton,LEFT,TSE Ka Wing,RIGHT,LOW,LEFT,NORMAL,GOAL,https://www.hkfa.com/en/competitions/result/46703/detail,HKPL
46707-1,2026-01-18_EASTERN-DISTRICT_HKFC,18 JAN 2026,Eastern District,HKFC,IN_MATCH,,YUEL Kuach,RIGHT,SHLIAKOTIN Oleksii,LEFT,HIGH,RIGHT,NORMAL,GOAL,https://www.hkfa.com/en/competitions/result/46707/detail,HKPL
46709-1,2026-01-24_EASTERN-DISTRICT_GOLIK-NORTH-DISTRICT,24 JAN 2026,Golik North District,Eastern District,IN_MATCH,,SALUSTIANO DE JESUS SILVA Samuel,RIGHT,DA SILVA ARGOLO Paulo Cesar,RIGHT,LOW,RIGHT,NORMAL,GOAL,https://www.hkfa.com/en/competitions/result/46709/detail,HKPL
46711-2,2026-01-28_EASTERN_GOLIK-NORTH-DISTRICT,28 JAN 2026,Golik North District,Eastern,IN_MATCH,,SALUSTIANO DE JESUS SILVA Samuel,RIGHT,CASSARO USART Ian,RIGHT,LOW,RIGHT,NORMAL,GOAL,https://www.hkfa.com/en/competitions/result/46711/detail,HKPL
46714-1,2026-02-01_KOWLOON-CITY_LEE-MAN,1 FEB 2026,Lee Man,Kowloon City,IN_MATCH,,CAMARGO Everton,LEFT,YUEN Ho Chun,LEFT,LOW,LEFT,NORMAL,GOAL,https://www.hkfa.com/en/competitions/result/46714/detail,HKPL
46722-2,2026-02-28_KC-SOUTHERN_TAI-PO,28 FEB 2026,KC Southern,Tai Po,IN_MATCH,,FIGUEIREDO PEREIRA Stefan,RIGHT,LO Siu Kei,LEFT,LOW,LEFT,HESITATION,GOAL,https://www.hkfa.com/en/competitions/result/46722/detail,HKPL
46724-3,2026-03-01_BC-RANGERS_KOWLOON-CITY,1 MAR 2026,Kowloon City,BC Rangers,IN_MATCH,,DUTRA DOS SANTOS Luiz Humberto,RIGHT,YIP Ka Yu,CENTRE,LOW,LEFT,HESITATION,GOAL,https://www.hkfa.com/en/competitions/result/46724/detail,HKPL
46725-3,2026-03-01_EASTERN-DISTRICT_GOLIK-NORTH-DISTRICT,1 MAR 2026,Golik North District,Eastern District,IN_MATCH,,SALUSTIANO DE JESUS SILVA Samuel,RIGHT,DA SILVA ARGOLO Paulo Cesar,LEFT,LOW,RIGHT,NORMAL,GOAL,https://www.hkfa.com/en/competitions/result/46725/detail,HKPL
46726-19,2026-03-01_HKFC_KITCHEE,1 MAR 2026,HKFC,Kitchee,IN_MATCH,,SILVA MOREIRA Hugo Filipe,LEFT,PONG Cheuk Hei,CENTRE,LOW,CENTRE,NORMAL,SAVED,,HKPL
46728-0,2026-03-14_BC-RANGERS_GOLIK-NORTH-DISTRICT,14 MAR 2026,Golik North District,BC Rangers,IN_MATCH,,SALUSTIANO DE JESUS SILVA Samuel,RIGHT,YIP Ka Yu,LEFT,LOW,RIGHT,NORMAL,GOAL,https://www.hkfa.com/en/competitions/result/46728/detail,HKPL
46740-3,2026-04-12_GOLIK-NORTH-DISTRICT_LEE-MAN,12 APR 2026,Lee Man,Golik North District,IN_MATCH,,SEVERO BURKATT Mikael,RIGHT,LI Hon Ho,LEFT,LOW,RIGHT,NORMAL,GOAL,https://www.hkfa.com/en/competitions/result/46740/detail,HKPL
48132-0,2025-11-26_KC-SOUTHERN_KITCHEE,26 NOV 2025,KC Southern,Kitchee,IN_MATCH,,FIGUEIREDO PEREIRA Stefan,RIGHT,WANG Zhenpeng,LEFT,LOW,CENTRE,HESITATION,GOAL,https://www.hkfa.com/en/competitions/result/48132/detail,HKPL
48132-4,2025-11-26_KC-SOUTHERN_KITCHEE,26 NOV 2025,Kitchee,KC Southern,IN_MATCH,,MARTINEZ ORTIZ Leandro,RIGHT,NG Wai Him,LEFT,LOW,RIGHT,NORMAL,GOAL,https://www.hkfa.com/en/competitions/result/48132/detail,HKPL
48600-4,2026-01-25_BC-RANGERS_HKFC,25 JAN 2026,BC Rangers,HKFC,IN_MATCH,,YAKUBU NASSAM Ibrahim,RIGHT,WONG Tsz Chung,LEFT,LOW,LEFT,NORMAL,GOAL,https://www.hkfa.com/en/competitions/result/48600/detail,HKPL
49731-2,2026-04-18_KITCHEE_LEE-MAN,18 APR 2026,Kitchee,Lee Man,IN_MATCH,,MERQUELANZ CASTELLANOS Martin,RIGHT,CHAN Ka Ho,RIGHT,LOW,RIGHT,HESITATION,GOAL,https://www.hkfa.com/en/competitions/result/49731/detail,HKPL
49732-0,2026-04-25_GOLIK-NORTH-DISTRICT_KITCHEE,25 APR 2026,Kitchee,Golik North District,IN_MATCH,,MARTINEZ ORTIZ Leandro,RIGHT,LI Hon Ho,CENTRE,HIGH,LEFT,NORMAL,GOAL,https://www.hkfa.com/en/competitions/result/49732/detail,HKPL
49732-1,2026-04-25_GOLIK-NORTH-DISTRICT_KITCHEE,25 APR 2026,Kitchee,Golik North District,IN_MATCH,,SOARES BELITARDO JUNIOR Walter,LEFT,LI Hon Ho,LEFT,LOW,RIGHT,NORMAL,GOAL,https://www.hkfa.com/en/competitions/result/49732/detail,HKPL
49732-2,2026-04-25_GOLIK-NORTH-DISTRICT_KITCHEE,25 APR 2026,Golik North District,Kitchee,IN_MATCH,,SALUSTIANO DE JESUS SILVA Samuel,RIGHT,PONG Cheuk Hei,CENTRE,LOW,RIGHT,NORMAL,GOAL,https://www.hkfa.com/en/competitions/result/49732/detail,HKPL
49736-2,2026-05-09_EASTERN_TAI-PO,9 MAY 2026,Tai Po,Eastern,IN_MATCH,,TORRES SARTORI Igor,RIGHT,KO Chun Wilson,LEFT,LOW,LEFT,NORMAL,GOAL,https://www.hkfa.com/en/competitions/result/49736/detail,HKPL
49736-3,2026-05-09_EASTERN_TAI-PO,9 MAY 2026,Tai Po,Eastern,IN_MATCH,,PERAL DE LIMA Patrick,RIGHT,KO Chun Wilson,LEFT,LOW,RIGHT,HESITATION,GOAL,https://www.hkfa.com/en/competitions/result/49736/detail,HKPL
49738-2,2026-05-17_LEE-MAN_TAI-PO,17 MAY 2026,Tai Po,Lee Man,IN_MATCH,,TORRES SARTORI Igor,RIGHT,CHAN Ka Ho,CENTRE,LOW,RIGHT,NORMAL,GOAL,https://www.hkfa.com/en/competitions/result/49738/detail,HKPL
49738-4,2026-05-17_LEE-MAN_TAI-PO,17 MAY 2026,Tai Po,Lee Man,IN_MATCH,,PERAL DE LIMA Patrick,RIGHT,CHAN Ka Ho,LEFT,HIGH,LEFT,HESITATION,GOAL,https://www.hkfa.com/en/competitions/result/49738/detail,HKPL
49743-0,2026-04-26_KC-SOUTHERN_KOWLOON-CITY,26 APR 2026,Kowloon City,KC Southern,IN_MATCH,,DUTRA DOS SANTOS Luiz Humberto,RIGHT,NG Wai Him,RIGHT,LOW,RIGHT,HESITATION,GOAL,https://www.hkfa.com/en/competitions/result/49743/detail,HKPL
46845-0,2025-12-20_KOWLOON-CITY_LEE-MAN,20 DEC 2025,Lee Man,Kowloon City,IN_MATCH,,SEVERO BURKATT Mikael,RIGHT,YUEN Ho Chun,RIGHT,LOW,LEFT,NORMAL,GOAL,https://www.hkfa.com/en/competitions/result/46845/detail,FA Cup
46846-2,2025-12-21_GOLIK-NORTH-DISTRICT_KC-SOUTHERN,21 DEC 2025,Golik North District,KC Southern,IN_MATCH,,SALUSTIANO DE JESUS SILVA Samuel,RIGHT,NG Wai Him,LEFT,LOW,RIGHT,NORMAL,GOAL,https://www.hkfa.com/en/competitions/result/46846/detail,FA Cup
46847-14,2026-03-07_EASTERN_EASTERN-DISTRICT,7 MAR 2026,Eastern,Eastern District,SHOOTOUT,NORMAL,OKUBO Yu,RIGHT,DA SILVA ARGOLO Paulo Cesar,RIGHT,LOW,LEFT,NORMAL,GOAL,https://www.hkfa.com/en/competitions/result/46847/detail,FA Cup
46847-15,2026-03-07_EASTERN_EASTERN-DISTRICT,7 MAR 2026,Eastern District,Eastern,SHOOTOUT,NORMAL,GU Bin,LEFT,CASSARO USART Ian,LEFT,HIGH,LEFT,NORMAL,GOAL,https://www.hkfa.com/en/competitions/result/46847/detail,FA Cup
46847-16,2026-03-07_EASTERN_EASTERN-DISTRICT,7 MAR 2026,Eastern District,Eastern,SHOOTOUT,NORMAL,DE OLIVEIRA BIANCONI Bruno,RIGHT,CASSARO USART Ian,RIGHT,LOW,RIGHT,NORMAL,GOAL,https://www.hkfa.com/en/competitions/result/46847/detail,FA Cup
46847-17,2026-03-07_EASTERN_EASTERN-DISTRICT,7 MAR 2026,Eastern,Eastern District,SHOOTOUT,NORMAL,LORENZ Marco Moni,RIGHT,DA SILVA ARGOLO Paulo Cesar,RIGHT,HIGH,RIGHT,NORMAL,GOAL,https://www.hkfa.com/en/competitions/result/46847/detail,FA Cup
46847-18,2026-03-07_EASTERN_EASTERN-DISTRICT,7 MAR 2026,Eastern District,Eastern,SHOOTOUT,NORMAL,LI Ngai Hoi,LEFT,CASSARO USART Ian,CENTRE,HIGH,CENTRE,HESITATION,SAVED,https://www.hkfa.com/en/competitions/result/46847/detail,FA Cup
46847-19,2026-03-07_EASTERN_EASTERN-DISTRICT,7 MAR 2026,Eastern,Eastern District,SHOOTOUT,NORMAL,YIU Ho Ming,LEFT,DA SILVA ARGOLO Paulo Cesar,RIGHT,HIGH,RIGHT,NORMAL,SAVED,https://www.hkfa.com/en/competitions/result/46847/detail,FA Cup
46847-20,2026-03-07_EASTERN_EASTERN-DISTRICT,7 MAR 2026,Eastern District,Eastern,SHOOTOUT,CAN_WIN,CHANG Hei Yin,RIGHT,CASSARO USART Ian,LEFT,LOW,RIGHT,NORMAL,GOAL,https://www.hkfa.com/en/competitions/result/46847/detail,FA Cup
46848-17,2026-03-07_KITCHEE_TAI-PO,7 MAR 2026,Tai Po,Kitchee,SHOOTOUT,NORMAL,SIMIONATO Paulo Sergio,RIGHT,PONG Cheuk Hei,RIGHT,LOW,LEFT,HESITATION,GOAL,https://www.hkfa.com/en/competitions/result/46848/detail,FA Cup
46848-18,2026-03-07_KITCHEE_TAI-PO,7 MAR 2026,Kitchee,Tai Po,SHOOTOUT,NORMAL,IKEGAMI LEIRA Kendy Renato,RIGHT,TSE Ka Wing,LEFT,HIGH,LEFT,NORMAL,GOAL,https://www.hkfa.com/en/competitions/result/46848/detail,FA Cup
46848-19,2026-03-07_KITCHEE_TAI-PO,7 MAR 2026,Tai Po,Kitchee,SHOOTOUT,NORMAL,LOPES ANTUNES Michel Renner,RIGHT,PONG Cheuk Hei,RIGHT,LOW,RIGHT,HESITATION,SAVED,https://www.hkfa.com/en/competitions/result/46848/detail,FA Cup
46848-20,2026-03-07_KITCHEE_TAI-PO,7 MAR 2026,Kitchee,Tai Po,SHOOTOUT,NORMAL,DE JESUS DANTAS Matheus,RIGHT,TSE Ka Wing,RIGHT,HIGH,RIGHT,NORMAL,GOAL,https://www.hkfa.com/en/competitions/result/46848/detail,FA Cup
46848-21,2026-03-07_KITCHEE_TAI-PO,7 MAR 2026,Tai Po,Kitchee,SHOOTOUT,NORMAL,CHUNG Wai Keung,RIGHT,PONG Cheuk Hei,LEFT,HIGH,RIGHT,NORMAL,GOAL,https://www.hkfa.com/en/competitions/result/46848/detail,FA Cup
46848-22,2026-03-07_KITCHEE_TAI-PO,7 MAR 2026,Kitchee,Tai Po,SHOOTOUT,NORMAL,REVILLA VALCARCEL Adrian,RIGHT,TSE Ka Wing,RIGHT,HIGH,RIGHT,NORMAL,GOAL,https://www.hkfa.com/en/competitions/result/46848/detail,FA Cup
46848-23,2026-03-07_KITCHEE_TAI-PO,7 MAR 2026,Kitchee,Tai Po,SHOOTOUT,CAN_WIN,HADDOW Jay,LEFT,TSE Ka Wing,LEFT,LOW,LEFT,NORMAL,SAVED,https://www.hkfa.com/en/competitions/result/46848/detail,FA Cup
46848-24,2026-03-07_KITCHEE_TAI-PO,7 MAR 2026,Tai Po,Kitchee,SHOOTOUT,NORMAL,GERALDINO DOS SANTOS JUNIOR Marcos,LEFT,PONG Cheuk Hei,RIGHT,LOW,LEFT,NORMAL,GOAL,https://www.hkfa.com/en/competitions/result/46848/detail,FA Cup
46848-25,2026-03-07_KITCHEE_TAI-PO,7 MAR 2026,Tai Po,Kitchee,SHOOTOUT,MUST_SCORE,LAW Chun Ting,RIGHT,PONG Cheuk Hei,CENTRE,LOW,LEFT,PANENKA,GOAL,https://www.hkfa.com/en/competitions/result/46848/detail,FA Cup
46848-26,2026-03-07_KITCHEE_TAI-PO,7 MAR 2026,Kitchee,Tai Po,SHOOTOUT,MUST_SCORE,WONG Ho Chun Anson,LEFT,TSE Ka Wing,LEFT,LOW,LEFT,HESITATION,SAVED,https://www.hkfa.com/en/competitions/result/46848/detail,FA Cup
46848-27,2026-03-07_KITCHEE_TAI-PO,7 MAR 2026,Tai Po,Kitchee,SHOOTOUT,MUST_SCORE,GUTERRES MICHEL Mikael,RIGHT,PONG Cheuk Hei,LEFT,HIGH,RIGHT,HESITATION,GOAL,https://www.hkfa.com/en/competitions/result/46848/detail,FA Cup
48982-3,2026-03-08_BC-RANGERS_LEE-MAN,8 MAR 2026,BC Rangers,Lee Man,IN_MATCH,,LAU Chi Lok,RIGHT,LEUNG Hing Kit,RIGHT,LOW,LEFT,NORMAL,GOAL,https://www.hkfa.com/en/competitions/result/48982/detail,FA Cup
48982-24,2026-03-08_BC-RANGERS_LEE-MAN,8 MAR 2026,Lee Man,BC Rangers,SHOOTOUT,NORMAL,MACHADO DOS SANTOS Willian Leonardo,RIGHT,YIP Ka Yu,LEFT,LOW,LEFT,NORMAL,GOAL,https://www.hkfa.com/en/competitions/result/48982/detail,FA Cup
48982-25,2026-03-08_BC-RANGERS_LEE-MAN,8 MAR 2026,BC Rangers,Lee Man,SHOOTOUT,NORMAL,LAU Chi Lok,RIGHT,LEUNG Hing Kit,RIGHT,HIGH,RIGHT,NORMAL,GOAL,https://www.hkfa.com/en/competitions/result/48982/detail,FA Cup
48982-26,2026-03-08_BC-RANGERS_LEE-MAN,8 MAR 2026,BC Rangers,Lee Man,SHOOTOUT,NORMAL,CORTES ARMERO Mauricio,LEFT,LEUNG Hing Kit,CENTRE,LOW,LEFT,HESITATION,GOAL,https://www.hkfa.com/en/competitions/result/48982/detail,FA Cup
48982-27,2026-03-08_BC-RANGERS_LEE-MAN,8 MAR 2026,BC Rangers,Lee Man,SHOOTOUT,NORMAL,PANIGAZZI Matias Ignacio,LEFT,LEUNG Hing Kit,CENTRE,HIGH,LEFT,HESITATION,GOAL,https://www.hkfa.com/en/competitions/result/48982/detail,FA Cup
49641-1,2026-05-23_BC-RANGERS_TAI-PO,23 MAY 2026,Tai Po,BC Rangers,IN_MATCH,,TORRES SARTORI Igor,RIGHT,YIP Ka Yu,LEFT,LOW,RIGHT,NORMAL,GOAL,https://www.hkfa.com/en/competitions/result/49641/detail,FA Cup
49643-3,2026-05-24_EASTERN-DISTRICT_GOLIK-NORTH-DISTRICT,24 MAY 2026,Golik North District,Eastern District,IN_MATCH,,SALUSTIANO DE JESUS SILVA Samuel,RIGHT,DA SILVA ARGOLO Paulo Cesar,RIGHT,LOW,LEFT,NORMAL,GOAL,https://www.hkfa.com/en/competitions/result/49643/detail,FA Cup
49643-17,2026-05-24_EASTERN-DISTRICT_GOLIK-NORTH-DISTRICT,24 MAY 2026,Golik North District,Eastern District,SHOOTOUT,NORMAL,SALUSTIANO DE JESUS SILVA Samuel,RIGHT,DA SILVA ARGOLO Paulo Cesar,CENTRE,LOW,RIGHT,NORMAL,GOAL,https://www.hkfa.com/en/competitions/result/49643/detail,FA Cup
49643-18,2026-05-24_EASTERN-DISTRICT_GOLIK-NORTH-DISTRICT,24 MAY 2026,Eastern District,Golik North District,SHOOTOUT,NORMAL,TAKATORI Seito,RIGHT,LI Hon Ho,LEFT,LOW,CENTRE,NORMAL,GOAL,https://www.hkfa.com/en/competitions/result/49643/detail,FA Cup
49643-19,2026-05-24_EASTERN-DISTRICT_GOLIK-NORTH-DISTRICT,24 MAY 2026,Eastern District,Golik North District,SHOOTOUT,NORMAL,DE OLIVEIRA BIANCONI Bruno,RIGHT,LI Hon Ho,LEFT,LOW,CENTRE,NORMAL,GOAL,https://www.hkfa.com/en/competitions/result/49643/detail,FA Cup
49643-20,2026-05-24_EASTERN-DISTRICT_GOLIK-NORTH-DISTRICT,24 MAY 2026,Eastern District,Golik North District,SHOOTOUT,NORMAL,YUEL Kuach,RIGHT,LI Hon Ho,LEFT,HIGH,LEFT,NORMAL,GOAL,https://www.hkfa.com/en/competitions/result/49643/detail,FA Cup
49643-24,2026-05-24_EASTERN-DISTRICT_GOLIK-NORTH-DISTRICT,24 MAY 2026,Golik North District,Eastern District,SHOOTOUT,NORMAL,ARBOLEDA QUIÑONEZ Yilber,RIGHT,DA SILVA ARGOLO Paulo Cesar,LEFT,LOW,LEFT,HESITATION,GOAL,https://www.hkfa.com/en/competitions/result/49643/detail,FA Cup
49883-2,2026-05-30_EASTERN-DISTRICT_TAI-PO,30 MAY 2026,Tai Po,Eastern District,IN_MATCH,,GERALDINO DOS SANTOS JUNIOR Marcos,RIGHT,DA SILVA ARGOLO Paulo Cesar,CENTRE,HIGH,RIGHT,NORMAL,MISSED,https://www.hkfa.com/en/competitions/result/49883/detail,FA Cup
db3367f5-a206-4676-b927-a5cf53527300,2026-03-07_EASTERN_EASTERN-DISTRICT,7 MAR 2026,Eastern,Eastern District,SHOOTOUT,NORMAL,BLEDA RODRIGUEZ Manuel,RIGHT,DA SILVA ARGOLO Paulo Cesar,RIGHT,HIGH,RIGHT,HESITATION,SAVED,https://www.hkfa.com/en/competitions/result/46847/detail,FA Cup
7f11847e-8966-421b-a1bd-d7223b19d24b,2026-03-08_BC-RANGERS_LEE-MAN,8 MAR 2026,Lee Man,BC Rangers,SHOOTOUT,NORMAL,CHEBEL KLEIN NUNES Luis Eduardo,RIGHT,YIP Ka Yu,LEFT,LOW,LEFT,NORMAL,SAVED,https://www.hkfa.com/en/competitions/result/48982/detail,FA Cup
63606d26-e982-4c54-8711-9e337a1b46a7,2026-03-08_BC-RANGERS_LEE-MAN,8 MAR 2026,Lee Man,BC Rangers,SHOOTOUT,NORMAL,SEVERO BURKATT Mikael,RIGHT,YIP Ka Yu,RIGHT,LOW,RIGHT,NORMAL,SAVED,https://www.hkfa.com/en/competitions/result/48982/detail,FA Cup
e81c5d57-b0ae-4e1a-9a23-1b1ad02a1993,2026-03-08_BC-RANGERS_LEE-MAN,8 MAR 2026,Lee Man,BC Rangers,SHOOTOUT,MUST_SCORE,LAU Ka Kiu,RIGHT,YIP Ka Yu,LEFT,LOW,LEFT,NORMAL,MISSED,https://www.hkfa.com/en/competitions/result/48982/detail,FA Cup
3896e997-19db-4a1d-b046-d10a88d9de2e,2026-05-24_EASTERN-DISTRICT_GOLIK-NORTH-DISTRICT,24 MAY 2026,Golik North District,Eastern District,SHOOTOUT,NORMAL,NA Yunho,RIGHT,LI Hon Ho,LEFT,LOW,LEFT,NORMAL,GOAL,https://www.hkfa.com/en/competitions/result/49643/detail,FA Cup
530a92da-27e0-432d-b90d-da307f49057c,2026-05-24_EASTERN-DISTRICT_GOLIK-NORTH-DISTRICT,24 MAY 2026,Golik North District,Eastern District,SHOOTOUT,NORMAL,CONSTANCIO PEREIRA Weverton Guilherme,RIGHT,DA SILVA ARGOLO Paulo Cesar,LEFT,LOW,LEFT,NORMAL,SAVED,https://www.hkfa.com/en/competitions/result/49643/detail,FA Cup
ecddb099-5f5b-41c5-bfec-f26cb55a75a4,2026-05-24_EASTERN-DISTRICT_GOLIK-NORTH-DISTRICT,24 MAY 2026,Golik North District,Eastern District,SHOOTOUT,NORMAL,SOARES DOS SANTOS Vinicius,RIGHT,DA SILVA ARGOLO Paulo Cesar,RIGHT,LOW,RIGHT,NORMAL,SAVED,https://www.hkfa.com/en/competitions/result/49643/detail,FA Cup
46837-1,2025-09-10_KC-SOUTHERN_TAI-PO,10 SEP 2025,Tai Po,KC Southern,IN_MATCH,,PERAL DE LIMA Patrick,RIGHT,NG Wai Him,LEFT,LOW,LEFT,HESITATION,GOAL,https://www.hkfa.com/en/competitions/result/46837/detail,Senior Shield
46838-0,2025-09-27_EASTERN_HKFC,27 SEP 2025,Eastern,HKFC,IN_MATCH,,OKUBO Yu,RIGHT,WONG Tsz Chung,LEFT,LOW,LEFT,NORMAL,GOAL,https://www.hkfa.com/en/competitions/result/46838/detail,Senior Shield
46841-2,2025-09-28_GOLIK-NORTH-DISTRICT_KITCHEE,28 SEP 2025,Kitchee,Golik North District,IN_MATCH,,REVILLA VALCARCEL Adrian,RIGHT,CHUNG Hoi Man,RIGHT,LOW,LEFT,NORMAL,GOAL,https://www.hkfa.com/en/competitions/result/46841/detail,Senior Shield
46841-3,2025-09-28_GOLIK-NORTH-DISTRICT_KITCHEE,28 SEP 2025,Golik North District,Kitchee,IN_MATCH,,CONSTANCIO PEREIRA Weverton Guilherme,RIGHT,WANG Zhenpeng,RIGHT,LOW,LEFT,NORMAL,GOAL,https://www.hkfa.com/en/competitions/result/46841/detail,Senior Shield
47579-28,2025-09-26_LEE-MAN_TAI-PO,26 SEP 2025,Tai Po,Lee Man,SHOOTOUT,NORMAL,AZEVEDO PEDREIRA Fernando Augusto,LEFT,LEUNG Hing Kit,RIGHT,HIGH,RIGHT,NORMAL,GOAL,https://www.hkfa.com/en/competitions/result/47579/detail,Senior Shield
47579-30,2025-09-26_LEE-MAN_TAI-PO,26 SEP 2025,Lee Man,Tai Po,SHOOTOUT,NORMAL,SEVERO BURKATT Mikael,RIGHT,TSE Ka Wing,RIGHT,LOW,RIGHT,NORMAL,SAVED,,Senior Shield
47579-29,2025-09-27_LEE-MAN_TAI-PO,27 SEP 2025,Tai Po,Lee Man,SHOOTOUT,NORMAL,LOPES ANTUNES Michel Renner,RIGHT,LEUNG Hing Kit,LEFT,HIGH,RIGHT,NORMAL,GOAL,https://www.hkfa.com/en/competitions/result/47579/detail,Senior Shield
47579-30,2025-09-27_LEE-MAN_TAI-PO,27 SEP 2025,Lee Man,Tai Po,SHOOTOUT,NORMAL,BRAUNSHTAIN Barak,RIGHT,TSE Ka Wing,LEFT,HIGH,LEFT,NORMAL,GOAL,https://www.hkfa.com/en/competitions/result/47579/detail,Senior Shield
47579-28,2025-09-26_LEE-MAN_TAI-PO,26 SEP 2025,Tai Po,Lee Man,SHOOTOUT,NORMAL,CHAN Siu Kwan Philip,RIGHT,LEUNG Hing Kit,LEFT,HIGH,LEFT,NORMAL,MISSED,https://www.hkfa.com/en/competitions/result/47579/detail,Senior Shield
47579-281,2025-09-26_LEE-MAN_TAI-PO,26 SEP 2025,Lee Man,Tai Po,SHOOTOUT,NORMAL,TACHIBANA Ryoya,LEFT,TSE Ka Wing,RIGHT,LOW,RIGHT,NORMAL,MISSED,,Senior Shield
47579-292,2025-09-26_LEE-MAN_TAI-PO,26 SEP 2025,Tai Po,Lee Man,SHOOTOUT,NORMAL,DUJARDIN Remi,LEFT,LEUNG Hing Kit,RIGHT,HIGH,RIGHT,NORMAL,MISSED,https://www.hkfa.com/en/competitions/result/47579/detail,Senior Shield
47579-281,2025-09-26_LEE-MAN_TAI-PO,26 SEP 2025,Lee Man,Tai Po,SHOOTOUT,NORMAL,BAFFOE DONKOR Noah,LEFT,TSE Ka Wing,LEFT,LOW,LEFT,NORMAL,SAVED,,Senior Shield
47579-31,2025-09-26_LEE-MAN_TAI-PO,26 SEP 2025,Tai Po,Lee Man,SHOOTOUT,CAN_WIN,CIVIDINI MOREIRA Gabriel Roberto,RIGHT,LEUNG Hing Kit,RIGHT,LOW,LEFT,NORMAL,GOAL,https://www.hkfa.com/en/competitions/result/47579/detail,Senior Shield
48371-2,2026-02-08_BC-RANGERS_EASTERN,8 FEB 2026,Eastern,BC Rangers,IN_MATCH,,OKUBO Yu,RIGHT,YIP Ka Yu,LEFT,HIGH,LEFT,NORMAL,GOAL,https://www.hkfa.com/en/competitions/result/48371/detail,Senior Shield
46854-0,2025-09-06_EASTERN_TAI-PO,6 SEP 2025,Eastern,Tai Po,IN_MATCH,,OKUBO Yu,RIGHT,LO Siu Kei,LEFT,HIGH,RIGHT,NORMAL,GOAL,https://www.hkfa.com/en/competitions/result/46854/detail,League Cup
46854-2,2025-09-06_EASTERN_TAI-PO,6 SEP 2025,Tai Po,Eastern,IN_MATCH,,TORRES SARTORI Igor,RIGHT,LIU Fu Yuen,LEFT,HIGH,LEFT,NORMAL,GOAL,https://www.hkfa.com/en/competitions/result/46854/detail,League Cup
46860-1,2025-11-16_GOLIK-NORTH-DISTRICT_LEE-MAN,16 NOV 2025,Golik North District,Lee Man,IN_MATCH,,ABADIA GARCIA Diego Ferney,RIGHT,LEUNG Hing Kit,CENTRE,LOW,LEFT,NORMAL,GOAL,https://www.hkfa.com/en/competitions/result/46860/detail,League Cup
47778-16,2025-10-12_EASTERN-DISTRICT_KOWLOON-CITY,12 OCT 2025,Kowloon City,Eastern District,IN_MATCH,,BATISTA RAMOS Kayron,LEFT,DA SILVA ARGOLO Paulo Cesar,RIGHT,LOW,RIGHT,HESITATION,MISSED,https://www.hkfa.com/en/competitions/result/47778/detail,League Cup
48369-0,2026-03-18_KITCHEE_KOWLOON-CITY,18 MAR 2026,Kitchee,Kowloon City,IN_MATCH,,MARTINEZ ORTIZ Leandro,RIGHT,CHEUNG Kwai Wa,RIGHT,LOW,LEFT,NORMAL,GOAL,https://www.hkfa.com/en/competitions/result/48369/detail,League Cup
